{"cameraMode":{"drawMode":0,"name":"Shaded","section":"Shading Mode"},"sceneLighting":true,"audioPlay":false,"sceneViewState":{"showFog":true,"showMaterialUpdate":false,"showSkybox":true,"showFlares":true,"showImageEffects":true,"showParticleSystems":true},"in2DMode":false,"pivot":{"x":-4.391326904296875,"y":-10.638251304626465,"z":5.7549896240234379},"rotation":{"x":-0.19377030432224275,"y":0.267490416765213,"z":-0.054997965693473819,"w":-0.9422822594642639},"size":63.54372024536133,"orthographic":false}